ticker,issuer_cik,accession_number,filing_date,seller_name,seller_relationship,securities_to_be_sold,aggregate_market_value,approximate_date_of_sale,broker_name,exchange,notice_date,sale_status,parse_status,error_message
UNKNOWN,0001045810,0001973727-26-000026,2026-06-03,for Whose Account the Securities are To Be Sold,to Issuer,,,,,COMMIS,2026-06-03,proposed,partial,
UNKNOWN,0001045810,0001921094-26-000561,2026-05-27,for Whose Account the Securities are To Be Sold,to Issuer,,,,,COMMIS,2026-05-27,proposed,partial,
UNKNOWN,0001045810,0001628280-26-020268,2026-03-20,for Whose Account the Securities are To Be Sold,to Issuer,,,,,COMMIS,2026-03-20,proposed,partial,
UNKNOWN,0001045810,0001958244-26-000168,2026-03-20,for Whose Account the Securities are To Be Sold,to Issuer,,,,,COMMIS,2026-03-20,proposed,partial,
UNKNOWN,0001045810,0001950047-26-002865,2026-03-20,for Whose Account the Securities are To Be Sold,to Issuer,,,,,COMMIS,2026-03-20,proposed,partial,
UNKNOWN,0001045810,0001921094-26-000343,2026-03-19,for Whose Account the Securities are To Be Sold,to Issuer,,,,,COMMIS,2026-03-19,proposed,partial,
UNKNOWN,0001045810,0001921094-26-000341,2026-03-18,for Whose Account the Securities are To Be Sold,to Issuer,,,,,COMMIS,2026-03-18,proposed,partial,
UNKNOWN,0001045810,0001921094-26-000315,2026-03-13,for Whose Account the Securities are To Be Sold,to Issuer,,,,,COMMIS,2026-03-13,proposed,partial,
UNKNOWN,0001045810,0001921094-26-000296,2026-03-10,for Whose Account the Securities are To Be Sold,to Issuer,,,,,COMMIS,2026-03-10,proposed,partial,
UNKNOWN,0001045810,0001921094-26-000054,2026-01-21,for Whose Account the Securities are To Be Sold,to Issuer,,,,,COMMIS,2026-01-21,proposed,partial,
UNKNOWN,0001045810,0001921094-26-000026,2026-01-07,for Whose Account the Securities are To Be Sold,to Issuer,,,,,COMMIS,2026-01-07,proposed,partial,
UNKNOWN,0001045810,0001950047-26-000053,2026-01-02,for Whose Account the Securities are To Be Sold,to Issuer,,,,,COMMIS,2026-01-02,proposed,partial,
UNKNOWN,0001045810,0001628280-25-058369,2025-12-19,for Whose Account the Securities are To Be Sold,to Issuer,,,,,COMMIS,2025-12-19,proposed,partial,
UNKNOWN,0001045810,0001950047-25-010558,2025-12-19,for Whose Account the Securities are To Be Sold,to Issuer,,,,,COMMIS,2025-12-19,proposed,partial,
UNKNOWN,0001045810,0001628280-25-057153,2025-12-15,for Whose Account the Securities are To Be Sold,to Issuer,,,,,COMMIS,2025-12-15,proposed,partial,
UNKNOWN,0001045810,0001958244-25-004541,2025-12-12,for Whose Account the Securities are To Be Sold,to Issuer,,,,,COMMIS,2025-12-12,proposed,partial,
UNKNOWN,0001045810,0001950047-25-009999,2025-12-09,for Whose Account the Securities are To Be Sold,to Issuer,,,,,COMMIS,2025-12-09,proposed,partial,
UNKNOWN,0001045810,0001965301-25-000175,2025-12-02,for Whose Account the Securities are To Be Sold,to Issuer,,,,,COMMIS,2025-12-02,proposed,partial,
UNKNOWN,0001045810,0001921094-25-001416,2025-11-24,for Whose Account the Securities are To Be Sold,to Issuer,,,,,COMMIS,2025-11-24,proposed,partial,
UNKNOWN,0001045810,0001921094-25-001301,2025-10-29,for Whose Account the Securities are To Be Sold,to Issuer,,,,,COMMIS,2025-10-29,proposed,partial,
UNKNOWN,0001045810,0001921094-25-001296,2025-10-28,for Whose Account the Securities are To Be Sold,to Issuer,,,,,COMMIS,2025-10-28,proposed,partial,
UNKNOWN,0001045810,0001921094-25-001292,2025-10-27,for Whose Account the Securities are To Be Sold,to Issuer,,,,,COMMIS,2025-10-27,proposed,partial,
UNKNOWN,0001045810,0001921094-25-001288,2025-10-24,for Whose Account the Securities are To Be Sold,to Issuer,,,,,COMMIS,2025-10-24,proposed,partial,
UNKNOWN,0001045810,0001921094-25-001285,2025-10-23,for Whose Account the Securities are To Be Sold,to Issuer,,,,,COMMIS,2025-10-23,proposed,partial,
UNKNOWN,0001045810,0001921094-25-001284,2025-10-22,for Whose Account the Securities are To Be Sold,to Issuer,,,,,COMMIS,2025-10-22,proposed,partial,
UNKNOWN,0001045810,0001921094-25-001281,2025-10-21,for Whose Account the Securities are To Be Sold,to Issuer,,,,,COMMIS,2025-10-21,proposed,partial,
UNKNOWN,0001045810,0001921094-25-001276,2025-10-20,for Whose Account the Securities are To Be Sold,to Issuer,,,,,COMMIS,2025-10-20,proposed,partial,
UNKNOWN,0001045810,0001921094-25-001272,2025-10-17,for Whose Account the Securities are To Be Sold,to Issuer,,,,,COMMIS,2025-10-17,proposed,partial,
UNKNOWN,0001045810,0001921094-25-001268,2025-10-16,for Whose Account the Securities are To Be Sold,to Issuer,,,,,COMMIS,2025-10-16,proposed,partial,
UNKNOWN,0001045810,0001921094-25-001262,2025-10-15,for Whose Account the Securities are To Be Sold,to Issuer,,,,,COMMIS,2025-10-15,proposed,partial,
UNKNOWN,0001045810,0001921094-25-001256,2025-10-14,for Whose Account the Securities are To Be Sold,to Issuer,,,,,COMMIS,2025-10-14,proposed,partial,
UNKNOWN,0001045810,0001921094-25-001254,2025-10-14,for Whose Account the Securities are To Be Sold,to Issuer,,,,,COMMIS,2025-10-14,proposed,partial,
UNKNOWN,0001045810,0001921094-25-001252,2025-10-10,for Whose Account the Securities are To Be Sold,to Issuer,,,,,COMMIS,2025-10-10,proposed,partial,
UNKNOWN,0001045810,0001921094-25-001250,2025-10-09,for Whose Account the Securities are To Be Sold,to Issuer,,,,,COMMIS,2025-10-09,proposed,partial,
UNKNOWN,0001045810,0001921094-25-001247,2025-10-08,for Whose Account the Securities are To Be Sold,to Issuer,,,,,COMMIS,2025-10-08,proposed,partial,
UNKNOWN,0001045810,0001921094-25-001245,2025-10-07,for Whose Account the Securities are To Be Sold,to Issuer,,,,,COMMIS,2025-10-07,proposed,partial,
UNKNOWN,0001045810,0001921094-25-001241,2025-10-06,for Whose Account the Securities are To Be Sold,to Issuer,,,,,COMMIS,2025-10-06,proposed,partial,
UNKNOWN,0001045810,0001921094-25-001232,2025-10-03,for Whose Account the Securities are To Be Sold,to Issuer,,,,,COMMIS,2025-10-03,proposed,partial,
UNKNOWN,0001045810,0001921094-25-001230,2025-10-02,for Whose Account the Securities are To Be Sold,to Issuer,,,,,COMMIS,2025-10-02,proposed,partial,
UNKNOWN,0001045810,0001921094-25-001222,2025-10-01,for Whose Account the Securities are To Be Sold,to Issuer,,,,,COMMIS,2025-10-01,proposed,partial,
UNKNOWN,0001045810,0001921094-25-001218,2025-09-30,for Whose Account the Securities are To Be Sold,to Issuer,,,,,COMMIS,2025-09-30,proposed,partial,
UNKNOWN,0001045810,0001921094-25-001212,2025-09-29,for Whose Account the Securities are To Be Sold,to Issuer,,,,,COMMIS,2025-09-29,proposed,partial,
UNKNOWN,0001045810,0001921094-25-001207,2025-09-26,for Whose Account the Securities are To Be Sold,to Issuer,,,,,COMMIS,2025-09-26,proposed,partial,
UNKNOWN,0001045810,0001921094-25-001205,2025-09-25,for Whose Account the Securities are To Be Sold,to Issuer,,,,,COMMIS,2025-09-25,proposed,partial,
UNKNOWN,0001045810,0001921094-25-001203,2025-09-24,for Whose Account the Securities are To Be Sold,to Issuer,,,,,COMMIS,2025-09-24,proposed,partial,
UNKNOWN,0001045810,0001921094-25-001195,2025-09-23,for Whose Account the Securities are To Be Sold,to Issuer,,,,,COMMIS,2025-09-23,proposed,partial,
UNKNOWN,0001045810,0001921094-25-001192,2025-09-22,for Whose Account the Securities are To Be Sold,to Issuer,,,,,COMMIS,2025-09-22,proposed,partial,
UNKNOWN,0001045810,0001958244-25-004346,2025-09-19,for Whose Account the Securities are To Be Sold,to Issuer,,,,,COMMIS,2025-09-19,proposed,partial,
UNKNOWN,0001045810,0001950047-25-007371,2025-09-19,for Whose Account the Securities are To Be Sold,to Issuer,,,,,COMMIS,2025-09-19,proposed,partial,
UNKNOWN,0001045810,0001921094-25-001183,2025-09-19,for Whose Account the Securities are To Be Sold,to Issuer,,,,,COMMIS,2025-09-19,proposed,partial,
UNKNOWN,0001045810,0001969223-25-000785,2025-09-19,for Whose Account the Securities are To Be Sold,to Issuer,,,,,COMMIS,2025-09-19,proposed,partial,
UNKNOWN,0001045810,0001197650-25-000005,2025-09-18,for Whose Account the Securities are To Be Sold,to Issuer,,,,,COMMIS,2025-09-18,proposed,partial,
UNKNOWN,0001045810,0001921094-25-001182,2025-09-18,for Whose Account the Securities are To Be Sold,to Issuer,,,,,COMMIS,2025-09-18,proposed,partial,
UNKNOWN,0001045810,0001921094-25-001171,2025-09-17,for Whose Account the Securities are To Be Sold,to Issuer,,,,,COMMIS,2025-09-17,proposed,partial,
UNKNOWN,0001045810,0001921094-25-001163,2025-09-16,for Whose Account the Securities are To Be Sold,to Issuer,,,,,COMMIS,2025-09-16,proposed,partial,
UNKNOWN,0001045810,0001921094-25-001154,2025-09-15,for Whose Account the Securities are To Be Sold,to Issuer,,,,,COMMIS,2025-09-15,proposed,partial,
UNKNOWN,0001045810,0001973727-25-000027,2025-09-12,for Whose Account the Securities are To Be Sold,to Issuer,,,,,COMMIS,2025-09-12,proposed,partial,
UNKNOWN,0001045810,0001921094-25-001140,2025-09-12,for Whose Account the Securities are To Be Sold,to Issuer,,,,,COMMIS,2025-09-12,proposed,partial,
UNKNOWN,0001045810,0001921094-25-001137,2025-09-11,for Whose Account the Securities are To Be Sold,to Issuer,,,,,COMMIS,2025-09-11,proposed,partial,
UNKNOWN,0001045810,0001961863-25-000162,2025-09-11,for Whose Account the Securities are To Be Sold,to Issuer,,,,,COMMIS,2025-09-11,proposed,partial,
UNKNOWN,0001045810,0001921094-25-001129,2025-09-10,for Whose Account the Securities are To Be Sold,to Issuer,,,,,COMMIS,2025-09-10,proposed,partial,
UNKNOWN,0001045810,0001921094-25-001123,2025-09-09,for Whose Account the Securities are To Be Sold,to Issuer,,,,,COMMIS,2025-09-09,proposed,partial,
UNKNOWN,0001045810,0001921094-25-001120,2025-09-08,for Whose Account the Securities are To Be Sold,to Issuer,,,,,COMMIS,2025-09-08,proposed,partial,
UNKNOWN,0001045810,0001921094-25-001104,2025-09-05,for Whose Account the Securities are To Be Sold,to Issuer,,,,,COMMIS,2025-09-05,proposed,partial,
UNKNOWN,0001045810,0001921094-25-001089,2025-09-04,for Whose Account the Securities are To Be Sold,to Issuer,,,,,COMMIS,2025-09-04,proposed,partial,
UNKNOWN,0001045810,0001921094-25-001078,2025-09-03,for Whose Account the Securities are To Be Sold,to Issuer,,,,,COMMIS,2025-09-03,proposed,partial,
UNKNOWN,0001045810,0001921094-25-001077,2025-09-03,for Whose Account the Securities are To Be Sold,to Issuer,,,,,COMMIS,2025-09-03,proposed,partial,
UNKNOWN,0001045810,0001921094-25-001069,2025-09-02,for Whose Account the Securities are To Be Sold,to Issuer,,,,,COMMIS,2025-09-02,proposed,partial,
UNKNOWN,0001045810,0001921094-25-001068,2025-09-02,for Whose Account the Securities are To Be Sold,to Issuer,,,,,COMMIS,2025-09-02,proposed,partial,
UNKNOWN,0001045810,0001921094-25-001052,2025-08-29,for Whose Account the Securities are To Be Sold,to Issuer,,,,,COMMIS,2025-08-29,proposed,partial,
UNKNOWN,0001045810,0001921094-25-000967,2025-08-15,for Whose Account the Securities are To Be Sold,to Issuer,,,,,COMMIS,2025-08-15,proposed,partial,
UNKNOWN,0001045810,0001921094-25-000955,2025-08-14,for Whose Account the Securities are To Be Sold,to Issuer,,,,,COMMIS,2025-08-14,proposed,partial,
UNKNOWN,0001045810,0001921094-25-000951,2025-08-13,for Whose Account the Securities are To Be Sold,to Issuer,,,,,COMMIS,2025-08-13,proposed,partial,
UNKNOWN,0001045810,0001921094-25-000932,2025-08-12,for Whose Account the Securities are To Be Sold,to Issuer,,,,,COMMIS,2025-08-12,proposed,partial,
UNKNOWN,0001045810,0001921094-25-000918,2025-08-11,for Whose Account the Securities are To Be Sold,to Issuer,,,,,COMMIS,2025-08-11,proposed,partial,
UNKNOWN,0001045810,0001921094-25-000906,2025-08-08,for Whose Account the Securities are To Be Sold,to Issuer,,,,,COMMIS,2025-08-08,proposed,partial,
UNKNOWN,0001045810,0001921094-25-000902,2025-08-07,for Whose Account the Securities are To Be Sold,to Issuer,,,,,COMMIS,2025-08-07,proposed,partial,
UNKNOWN,0001045810,0001921094-25-000888,2025-08-06,for Whose Account the Securities are To Be Sold,to Issuer,,,,,COMMIS,2025-08-06,proposed,partial,
UNKNOWN,0001045810,0001921094-25-000878,2025-08-05,for Whose Account the Securities are To Be Sold,to Issuer,,,,,COMMIS,2025-08-05,proposed,partial,
UNKNOWN,0001045810,0001921094-25-000871,2025-08-04,for Whose Account the Securities are To Be Sold,to Issuer,,,,,COMMIS,2025-08-04,proposed,partial,
UNKNOWN,0001045810,0001921094-25-000860,2025-08-01,for Whose Account the Securities are To Be Sold,to Issuer,,,,,COMMIS,2025-08-01,proposed,partial,
UNKNOWN,0001045810,0001921094-25-000852,2025-07-31,for Whose Account the Securities are To Be Sold,to Issuer,,,,,COMMIS,2025-07-31,proposed,partial,
UNKNOWN,0001045810,0001921094-25-000849,2025-07-30,for Whose Account the Securities are To Be Sold,to Issuer,,,,,COMMIS,2025-07-30,proposed,partial,
UNKNOWN,0001045810,0001921094-25-000839,2025-07-29,for Whose Account the Securities are To Be Sold,to Issuer,,,,,COMMIS,2025-07-29,proposed,partial,
UNKNOWN,0001045810,0001921094-25-000833,2025-07-28,for Whose Account the Securities are To Be Sold,to Issuer,,,,,COMMIS,2025-07-28,proposed,partial,
UNKNOWN,0001045810,0001921094-25-000827,2025-07-25,for Whose Account the Securities are To Be Sold,to Issuer,,,,,COMMIS,2025-07-25,proposed,partial,
UNKNOWN,0001045810,0001921094-25-000825,2025-07-24,for Whose Account the Securities are To Be Sold,to Issuer,,,,,COMMIS,2025-07-24,proposed,partial,
UNKNOWN,0001045810,0001921094-25-000821,2025-07-23,for Whose Account the Securities are To Be Sold,to Issuer,,,,,COMMIS,2025-07-23,proposed,partial,
UNKNOWN,0001045810,0001921094-25-000814,2025-07-22,for Whose Account the Securities are To Be Sold,to Issuer,,,,,COMMIS,2025-07-22,proposed,partial,
UNKNOWN,0001045810,0001921094-25-000809,2025-07-21,for Whose Account the Securities are To Be Sold,to Issuer,,,,,COMMIS,2025-07-21,proposed,partial,
UNKNOWN,0001045810,0001921094-25-000802,2025-07-18,for Whose Account the Securities are To Be Sold,to Issuer,,,,,COMMIS,2025-07-18,proposed,partial,
UNKNOWN,0001045810,0001921094-25-000799,2025-07-17,for Whose Account the Securities are To Be Sold,to Issuer,,,,,COMMIS,2025-07-17,proposed,partial,
UNKNOWN,0001045810,0001921094-25-000796,2025-07-16,for Whose Account the Securities are To Be Sold,to Issuer,,,,,COMMIS,2025-07-16,proposed,partial,
UNKNOWN,0001045810,0001921094-25-000790,2025-07-15,for Whose Account the Securities are To Be Sold,to Issuer,,,,,COMMIS,2025-07-15,proposed,partial,
UNKNOWN,0001045810,0001921094-25-000782,2025-07-14,for Whose Account the Securities are To Be Sold,to Issuer,,,,,COMMIS,2025-07-14,proposed,partial,
UNKNOWN,0001045810,0001965301-25-000099,2025-07-14,for Whose Account the Securities are To Be Sold,to Issuer,,,,,COMMIS,2025-07-14,proposed,partial,
UNKNOWN,0001045810,0001965301-25-000098,2025-07-11,for Whose Account the Securities are To Be Sold,to Issuer,,,,,COMMIS,2025-07-11,proposed,partial,
UNKNOWN,0001045810,0001921094-25-000778,2025-07-11,for Whose Account the Securities are To Be Sold,to Issuer,,,,,COMMIS,2025-07-11,proposed,partial,
UNKNOWN,0001045810,0001921094-25-000777,2025-07-10,for Whose Account the Securities are To Be Sold,to Issuer,,,,,COMMIS,2025-07-10,proposed,partial,
UNKNOWN,0001045810,0001965301-25-000097,2025-07-10,for Whose Account the Securities are To Be Sold,to Issuer,,,,,COMMIS,2025-07-10,proposed,partial,
UNKNOWN,0001045810,0001921094-25-000773,2025-07-09,for Whose Account the Securities are To Be Sold,to Issuer,,,,,COMMIS,2025-07-09,proposed,partial,
UNKNOWN,0001045810,0001965301-25-000096,2025-07-09,for Whose Account the Securities are To Be Sold,to Issuer,,,,,COMMIS,2025-07-09,proposed,partial,
UNKNOWN,0001045810,0001921094-25-000771,2025-07-08,for Whose Account the Securities are To Be Sold,to Issuer,,,,,COMMIS,2025-07-08,proposed,partial,
UNKNOWN,0001045810,0001965301-25-000095,2025-07-08,for Whose Account the Securities are To Be Sold,to Issuer,,,,,COMMIS,2025-07-08,proposed,partial,
UNKNOWN,0001045810,0001921094-25-000760,2025-07-07,for Whose Account the Securities are To Be Sold,to Issuer,,,,,COMMIS,2025-07-07,proposed,partial,
UNKNOWN,0001045810,0001965301-25-000094,2025-07-07,for Whose Account the Securities are To Be Sold,to Issuer,,,,,COMMIS,2025-07-07,proposed,partial,
UNKNOWN,0001045810,0001921094-25-000757,2025-07-03,for Whose Account the Securities are To Be Sold,to Issuer,,,,,COMMIS,2025-07-03,proposed,partial,
UNKNOWN,0001045810,0001921094-25-000751,2025-07-02,for Whose Account the Securities are To Be Sold,to Issuer,,,,,COMMIS,2025-07-02,proposed,partial,
UNKNOWN,0001045810,0001965301-25-000092,2025-07-02,for Whose Account the Securities are To Be Sold,to Issuer,,,,,COMMIS,2025-07-02,proposed,partial,
UNKNOWN,0001045810,0001921094-25-000746,2025-07-01,for Whose Account the Securities are To Be Sold,to Issuer,,,,,COMMIS,2025-07-01,proposed,partial,
UNKNOWN,0001045810,0001965301-25-000089,2025-07-01,for Whose Account the Securities are To Be Sold,to Issuer,,,,,COMMIS,2025-07-01,proposed,partial,
UNKNOWN,0001045810,0001965301-25-000088,2025-06-30,for Whose Account the Securities are To Be Sold,to Issuer,,,,,COMMIS,2025-06-30,proposed,partial,
UNKNOWN,0001045810,0001921094-25-000740,2025-06-30,for Whose Account the Securities are To Be Sold,to Issuer,,,,,COMMIS,2025-06-30,proposed,partial,
UNKNOWN,0001045810,0001921094-25-000730,2025-06-27,for Whose Account the Securities are To Be Sold,to Issuer,,,,,COMMIS,2025-06-27,proposed,partial,
UNKNOWN,0001045810,0001965301-25-000086,2025-06-27,for Whose Account the Securities are To Be Sold,to Issuer,,,,,COMMIS,2025-06-27,proposed,partial,
UNKNOWN,0001045810,0001921094-25-000727,2025-06-26,for Whose Account the Securities are To Be Sold,to Issuer,,,,,COMMIS,2025-06-26,proposed,partial,
UNKNOWN,0001045810,0001965301-25-000084,2025-06-26,for Whose Account the Securities are To Be Sold,to Issuer,,,,,COMMIS,2025-06-26,proposed,partial,
UNKNOWN,0001045810,0001921094-25-000725,2025-06-25,for Whose Account the Securities are To Be Sold,to Issuer,,,,,COMMIS,2025-06-25,proposed,partial,
UNKNOWN,0001045810,0001921094-25-000724,2025-06-25,for Whose Account the Securities are To Be Sold,to Issuer,,,,,COMMIS,2025-06-25,proposed,partial,
UNKNOWN,0001045810,0001965301-25-000082,2025-06-25,for Whose Account the Securities are To Be Sold,to Issuer,,,,,COMMIS,2025-06-25,proposed,partial,
UNKNOWN,0001045810,0001921094-25-000714,2025-06-24,for Whose Account the Securities are To Be Sold,to Issuer,,,,,COMMIS,2025-06-24,proposed,partial,
UNKNOWN,0001045810,0001965301-25-000081,2025-06-24,for Whose Account the Securities are To Be Sold,to Issuer,,,,,COMMIS,2025-06-24,proposed,partial,
UNKNOWN,0001045810,0001921094-25-000713,2025-06-23,for Whose Account the Securities are To Be Sold,to Issuer,,,,,COMMIS,2025-06-23,proposed,partial,
UNKNOWN,0001045810,0001965301-25-000079,2025-06-23,for Whose Account the Securities are To Be Sold,to Issuer,,,,,COMMIS,2025-06-23,proposed,partial,
UNKNOWN,0001045810,0001958244-25-003698,2025-06-20,for Whose Account the Securities are To Be Sold,to Issuer,,,,,COMMIS,2025-06-20,proposed,partial,
UNKNOWN,0001045810,0001921094-25-000709,2025-06-20,for Whose Account the Securities are To Be Sold,to Issuer,,,,,COMMIS,2025-06-20,proposed,partial,
UNKNOWN,0001045810,0001950047-25-004520,2025-06-20,for Whose Account the Securities are To Be Sold,to Issuer,,,,,COMMIS,2025-06-20,proposed,partial,
UNKNOWN,0001045810,0001965301-25-000076,2025-06-20,for Whose Account the Securities are To Be Sold,to Issuer,,,,,COMMIS,2025-06-20,proposed,partial,
UNKNOWN,0001045810,0001973251-25-000041,2025-06-09,for Whose Account the Securities are To Be Sold,to Issuer,,,,,COMMIS,2025-06-09,proposed,partial,
UNKNOWN,0001045810,0001961863-25-000072,2025-06-02,for Whose Account the Securities are To Be Sold,to Issuer,,,,,COMMIS,2025-06-02,proposed,partial,
UNKNOWN,0001045810,0001921094-25-000576,2025-05-30,for Whose Account the Securities are To Be Sold,to Issuer,,,,,COMMIS,2025-05-30,proposed,partial,
UNKNOWN,0001045810,0001921094-25-000574,2025-05-30,for Whose Account the Securities are To Be Sold,to Issuer,,,,,COMMIS,2025-05-30,proposed,partial,
UNKNOWN,0001045810,0001958244-25-001868,2025-03-21,for Whose Account the Securities are To Be Sold,to Issuer,,,,,COMMIS,2025-03-21,proposed,partial,
UNKNOWN,0001045810,0001950047-25-002097,2025-03-21,for Whose Account the Securities are To Be Sold,to Issuer,,,,,COMMIS,2025-03-21,proposed,partial,
UNKNOWN,0001045810,0001921094-25-000334,2025-03-20,for Whose Account the Securities are To Be Sold,to Issuer,,,,,COMMIS,2025-03-20,proposed,partial,
UNKNOWN,0001045810,0001921094-25-000311,2025-03-13,for Whose Account the Securities are To Be Sold,to Issuer,,,,,COMMIS,2025-03-13,proposed,partial,
UNKNOWN,0001045810,0001921094-25-000290,2025-03-10,for Whose Account the Securities are To Be Sold,to Issuer,,,,,COMMIS,2025-03-10,proposed,partial,
UNKNOWN,0001045810,0001921094-25-000014,2025-01-06,for Whose Account the Securities are To Be Sold,to Issuer,,,,,COMMIS,2025-01-06,proposed,partial,
UNKNOWN,0001045810,0001973251-24-000081,2024-12-16,for Whose Account the Securities are To Be Sold,to Issuer,,,,,COMMIS,2024-12-16,proposed,partial,
UNKNOWN,0001045810,0001958244-24-005852,2024-12-13,for Whose Account the Securities are To Be Sold,to Issuer,,,,,COMMIS,2024-12-13,proposed,partial,
UNKNOWN,0001045810,0001950047-24-009810,2024-12-13,for Whose Account the Securities are To Be Sold,to Issuer,,,,,COMMIS,2024-12-13,proposed,partial,
UNKNOWN,0001045810,0001921094-24-001474,2024-11-25,for Whose Account the Securities are To Be Sold,to Issuer,,,,,COMMIS,2024-11-25,proposed,partial,
UNKNOWN,0001045810,0001961863-24-000324,2024-09-24,for Whose Account the Securities are To Be Sold,to Issuer,,,,,COMMIS,2024-09-24,proposed,partial,
UNKNOWN,0001045810,0001958244-24-004564,2024-09-20,for Whose Account the Securities are To Be Sold,to Issuer,,,,,COMMIS,2024-09-20,proposed,partial,
UNKNOWN,0001045810,0001950047-24-007295,2024-09-20,for Whose Account the Securities are To Be Sold,to Issuer,,,,,COMMIS,2024-09-20,proposed,partial,
UNKNOWN,0001045810,0001973251-24-000043,2024-09-20,for Whose Account the Securities are To Be Sold,to Issuer,,,,,COMMIS,2024-09-20,proposed,partial,
UNKNOWN,0001045810,0001973251-24-000042,2024-09-19,for Whose Account the Securities are To Be Sold,to Issuer,,,,,COMMIS,2024-09-19,proposed,partial,
UNKNOWN,0001045810,0001921094-24-001193,2024-09-13,for Whose Account the Securities are To Be Sold,to Issuer,,,,,COMMIS,2024-09-13,proposed,partial,
UNKNOWN,0001045810,0001921094-24-001186,2024-09-12,for Whose Account the Securities are To Be Sold,to Issuer,,,,,COMMIS,2024-09-12,proposed,partial,
UNKNOWN,0001045810,0001921094-24-001182,2024-09-11,for Whose Account the Securities are To Be Sold,to Issuer,,,,,COMMIS,2024-09-11,proposed,partial,
UNKNOWN,0001045810,0001921094-24-001180,2024-09-10,for Whose Account the Securities are To Be Sold,to Issuer,,,,,COMMIS,2024-09-10,proposed,partial,
UNKNOWN,0001045810,0001921094-24-001170,2024-09-09,for Whose Account the Securities are To Be Sold,to Issuer,,,,,COMMIS,2024-09-09,proposed,partial,
UNKNOWN,0001045810,0001921094-24-001167,2024-09-06,for Whose Account the Securities are To Be Sold,to Issuer,,,,,COMMIS,2024-09-06,proposed,partial,
UNKNOWN,0001045810,0001921094-24-001154,2024-09-05,for Whose Account the Securities are To Be Sold,to Issuer,,,,,COMMIS,2024-09-05,proposed,partial,
UNKNOWN,0001045810,0001921094-24-001153,2024-09-04,for Whose Account the Securities are To Be Sold,to Issuer,,,,,COMMIS,2024-09-04,proposed,partial,
UNKNOWN,0001045810,0001921094-24-001146,2024-09-03,for Whose Account the Securities are To Be Sold,to Issuer,,,,,COMMIS,2024-09-03,proposed,partial,
UNKNOWN,0001045810,0001921094-24-001135,2024-08-30,for Whose Account the Securities are To Be Sold,to Issuer,,,,,COMMIS,2024-08-30,proposed,partial,
UNKNOWN,0001045810,0001921094-24-001014,2024-08-09,for Whose Account the Securities are To Be Sold,to Issuer,,,,,COMMIS,2024-08-09,proposed,partial,
UNKNOWN,0001045810,0001921094-24-001008,2024-08-08,for Whose Account the Securities are To Be Sold,to Issuer,,,,,COMMIS,2024-08-08,proposed,partial,
UNKNOWN,0001045810,0001921094-24-001001,2024-08-07,for Whose Account the Securities are To Be Sold,to Issuer,,,,,COMMIS,2024-08-07,proposed,partial,
UNKNOWN,0001045810,0001921094-24-000994,2024-08-06,for Whose Account the Securities are To Be Sold,to Issuer,,,,,COMMIS,2024-08-06,proposed,partial,
UNKNOWN,0001045810,0001921094-24-000990,2024-08-05,for Whose Account the Securities are To Be Sold,to Issuer,,,,,COMMIS,2024-08-05,proposed,partial,
UNKNOWN,0001045810,0001921094-24-000983,2024-08-02,for Whose Account the Securities are To Be Sold,to Issuer,,,,,COMMIS,2024-08-02,proposed,partial,
UNKNOWN,0001045810,0001921094-24-000980,2024-08-01,for Whose Account the Securities are To Be Sold,to Issuer,,,,,COMMIS,2024-08-01,proposed,partial,
UNKNOWN,0001045810,0001921094-24-000975,2024-07-31,for Whose Account the Securities are To Be Sold,to Issuer,,,,,COMMIS,2024-07-31,proposed,partial,
UNKNOWN,0001045810,0001921094-24-000969,2024-07-30,for Whose Account the Securities are To Be Sold,to Issuer,,,,,COMMIS,2024-07-30,proposed,partial,
UNKNOWN,0001045810,0001921094-24-000963,2024-07-29,for Whose Account the Securities are To Be Sold,to Issuer,,,,,COMMIS,2024-07-29,proposed,partial,
UNKNOWN,0001045810,0001921094-24-000958,2024-07-26,for Whose Account the Securities are To Be Sold,to Issuer,,,,,COMMIS,2024-07-26,proposed,partial,
UNKNOWN,0001045810,0001921094-24-000957,2024-07-25,for Whose Account the Securities are To Be Sold,to Issuer,,,,,COMMIS,2024-07-25,proposed,partial,
UNKNOWN,0001045810,0001921094-24-000953,2024-07-24,for Whose Account the Securities are To Be Sold,to Issuer,,,,,COMMIS,2024-07-24,proposed,partial,
UNKNOWN,0001045810,0001921094-24-000947,2024-07-23,for Whose Account the Securities are To Be Sold,to Issuer,,,,,COMMIS,2024-07-23,proposed,partial,
UNKNOWN,0001045810,0001921094-24-000944,2024-07-22,for Whose Account the Securities are To Be Sold,to Issuer,,,,,COMMIS,2024-07-22,proposed,partial,
UNKNOWN,0001045810,0001921094-24-000940,2024-07-19,for Whose Account the Securities are To Be Sold,to Issuer,,,,,COMMIS,2024-07-19,proposed,partial,
UNKNOWN,0001045810,0001921094-24-000938,2024-07-18,for Whose Account the Securities are To Be Sold,to Issuer,,,,,COMMIS,2024-07-18,proposed,partial,
UNKNOWN,0001045810,0001921094-24-000935,2024-07-17,for Whose Account the Securities are To Be Sold,to Issuer,,,,,COMMIS,2024-07-17,proposed,partial,
UNKNOWN,0001045810,0001921094-24-000929,2024-07-16,for Whose Account the Securities are To Be Sold,to Issuer,,,,,COMMIS,2024-07-16,proposed,partial,
UNKNOWN,0001045810,0001921094-24-000924,2024-07-15,for Whose Account the Securities are To Be Sold,to Issuer,,,,,COMMIS,2024-07-15,proposed,partial,
UNKNOWN,0001045810,0001921094-24-000916,2024-07-12,for Whose Account the Securities are To Be Sold,to Issuer,,,,,COMMIS,2024-07-12,proposed,partial,
UNKNOWN,0001045810,0001921094-24-000915,2024-07-12,for Whose Account the Securities are To Be Sold,to Issuer,,,,,COMMIS,2024-07-12,proposed,partial,
UNKNOWN,0001045810,0001921094-24-000910,2024-07-11,for Whose Account the Securities are To Be Sold,to Issuer,,,,,COMMIS,2024-07-11,proposed,partial,
UNKNOWN,0001045810,0001921094-24-000904,2024-07-10,for Whose Account the Securities are To Be Sold,to Issuer,,,,,COMMIS,2024-07-10,proposed,partial,
UNKNOWN,0001045810,0001921094-24-000901,2024-07-09,for Whose Account the Securities are To Be Sold,to Issuer,,,,,COMMIS,2024-07-09,proposed,partial,
UNKNOWN,0001045810,0001921094-24-000896,2024-07-08,for Whose Account the Securities are To Be Sold,to Issuer,,,,,COMMIS,2024-07-08,proposed,partial,
UNKNOWN,0001045810,0001921094-24-000888,2024-07-05,for Whose Account the Securities are To Be Sold,to Issuer,,,,,COMMIS,2024-07-05,proposed,partial,
UNKNOWN,0001045810,0001921094-24-000882,2024-07-03,for Whose Account the Securities are To Be Sold,to Issuer,,,,,COMMIS,2024-07-03,proposed,partial,
UNKNOWN,0001045810,0001921094-24-000880,2024-07-02,for Whose Account the Securities are To Be Sold,to Issuer,,,,,COMMIS,2024-07-02,proposed,partial,
UNKNOWN,0001045810,0001921094-24-000873,2024-07-01,for Whose Account the Securities are To Be Sold,to Issuer,,,,,COMMIS,2024-07-01,proposed,partial,
UNKNOWN,0001045810,0001921094-24-000866,2024-06-28,for Whose Account the Securities are To Be Sold,to Issuer,,,,,COMMIS,2024-06-28,proposed,partial,
UNKNOWN,0001045810,0001921094-24-000863,2024-06-27,for Whose Account the Securities are To Be Sold,to Issuer,,,,,COMMIS,2024-06-27,proposed,partial,
UNKNOWN,0001045810,0001921094-24-000858,2024-06-26,for Whose Account the Securities are To Be Sold,to Issuer,,,,,COMMIS,2024-06-26,proposed,partial,
UNKNOWN,0001045810,0001921094-24-000855,2024-06-25,for Whose Account the Securities are To Be Sold,to Issuer,,,,,COMMIS,2024-06-25,proposed,partial,
UNKNOWN,0001045810,0001921094-24-000846,2024-06-24,for Whose Account the Securities are To Be Sold,to Issuer,,,,,COMMIS,2024-06-24,proposed,partial,
UNKNOWN,0001045810,0001921094-24-000836,2024-06-21,for Whose Account the Securities are To Be Sold,to Issuer,,,,,COMMIS,2024-06-21,proposed,partial,
UNKNOWN,0001045810,0001950047-24-004958,2024-06-21,for Whose Account the Securities are To Be Sold,to Issuer,,,,,COMMIS,2024-06-21,proposed,partial,
UNKNOWN,0001045810,0001958244-24-002813,2024-06-21,for Whose Account the Securities are To Be Sold,to Issuer,,,,,COMMIS,2024-06-21,proposed,partial,
UNKNOWN,0001045810,0001921094-24-000830,2024-06-20,for Whose Account the Securities are To Be Sold,to Issuer,,,,,COMMIS,2024-06-20,proposed,partial,
UNKNOWN,0001045810,0001921094-24-000819,2024-06-18,for Whose Account the Securities are To Be Sold,to Issuer,,,,,COMMIS,2024-06-18,proposed,partial,
UNKNOWN,0001045810,0001921094-24-000807,2024-06-17,for Whose Account the Securities are To Be Sold,to Issuer,,,,,COMMIS,2024-06-17,proposed,partial,
UNKNOWN,0001045810,0001921094-24-000797,2024-06-14,for Whose Account the Securities are To Be Sold,to Issuer,,,,,COMMIS,2024-06-14,proposed,partial,
UNKNOWN,0001045810,0001969223-24-000479,2024-06-14,for Whose Account the Securities are To Be Sold,to Issuer,,,,,COMMIS,2024-06-14,proposed,partial,
UNKNOWN,0001045810,0001921094-24-000789,2024-06-13,for Whose Account the Securities are To Be Sold,to Issuer,,,,,COMMIS,2024-06-13,proposed,partial,
UNKNOWN,0001045810,0001973251-24-000021,2024-06-07,for Whose Account the Securities are To Be Sold,to Issuer,,,,,COMMIS,2024-06-07,proposed,partial,
UNKNOWN,0001045810,0001950047-24-004359,2024-06-03,for Whose Account the Securities are To Be Sold,to Issuer,,,,,COMMIS,2024-06-03,proposed,partial,
UNKNOWN,0001045810,0001961863-24-000186,2024-05-29,for Whose Account the Securities are To Be Sold,to Issuer,,,,,COMMIS,2024-05-29,proposed,partial,
UNKNOWN,0001045810,0001921094-24-000695,2024-05-29,for Whose Account the Securities are To Be Sold,to Issuer,,,,,COMMIS,2024-05-29,proposed,partial,
UNKNOWN,0001045810,0001971857-24-000316,2024-05-28,for Whose Account the Securities are To Be Sold,to Issuer,,,,,COMMIS,2024-05-28,proposed,partial,
UNKNOWN,0001045810,0001921094-24-000693,2024-05-28,for Whose Account the Securities are To Be Sold,to Issuer,,,,,COMMIS,2024-05-28,proposed,partial,
UNKNOWN,0001045810,0001921094-24-000688,2024-05-28,for Whose Account the Securities are To Be Sold,to Issuer,,,,,COMMIS,2024-05-28,proposed,partial,
UNKNOWN,0001045810,0001921094-24-000675,2024-05-24,for Whose Account the Securities are To Be Sold,to Issuer,,,,,COMMIS,2024-05-24,proposed,partial,
UNKNOWN,0001045810,0001921094-24-000674,2024-05-24,for Whose Account the Securities are To Be Sold,to Issuer,,,,,COMMIS,2024-05-24,proposed,partial,
UNKNOWN,0001045810,0001968582-24-000283,2024-04-02,for Whose Account the Securities are To Be Sold,to Issuer,,,,,COMMIS,2024-04-02,proposed,partial,
UNKNOWN,0001045810,0001921094-24-000466,2024-03-25,for Whose Account the Securities are To Be Sold,to Issuer,,,,,COMMIS,2024-03-25,proposed,partial,
UNKNOWN,0001045810,0001950047-24-002658,2024-03-22,for Whose Account the Securities are To Be Sold,to Issuer,,,,,COMMIS,2024-03-22,proposed,partial,
UNKNOWN,0001045810,0001973251-24-000007,2024-03-05,for Whose Account the Securities are To Be Sold,to Issuer,,,,,COMMIS,2024-03-05,proposed,partial,
UNKNOWN,0001045810,0001969223-24-000204,2024-03-05,for Whose Account the Securities are To Be Sold,to Issuer,,,,,COMMIS,2024-03-05,proposed,partial,
UNKNOWN,0001045810,0001968582-24-000130,2024-02-23,for Whose Account the Securities are To Be Sold,to Issuer,,,,,COMMIS,2024-02-23,proposed,partial,
UNKNOWN,0001045810,0002007317-24-000190,2024-02-23,for Whose Account the Securities are To Be Sold,to Issuer,,,,,COMMIS,2024-02-23,proposed,partial,
UNKNOWN,0001045810,0002007317-24-000189,2024-02-23,for Whose Account the Securities are To Be Sold,to Issuer,,,,,COMMIS,2024-02-23,proposed,partial,
UNKNOWN,0001045810,0002007317-24-000185,2024-02-23,for Whose Account the Securities are To Be Sold,to Issuer,,,,,COMMIS,2024-02-23,proposed,partial,
UNKNOWN,0001045810,0001950047-24-000178,2024-01-05,for Whose Account the Securities are To Be Sold,to Issuer,,,,,COMMIS,2024-01-05,proposed,partial,
UNKNOWN,0001045810,0001950047-23-006222,2023-12-18,for Whose Account the Securities are To Be Sold,to Issuer,,,,,COMMIS,2023-12-18,proposed,partial,
UNKNOWN,0001045810,0001921094-23-001080,2023-12-15,for Whose Account the Securities are To Be Sold,to Issuer,,,,,COMMIS,2023-12-15,proposed,partial,
UNKNOWN,0001045810,0001969223-23-000529,2023-12-13,for Whose Account the Securities are To Be Sold,to Issuer,,,,,COMMIS,2023-12-13,proposed,partial,
UNKNOWN,0001045810,0001921094-23-000932,2023-11-28,for Whose Account the Securities are To Be Sold,to Issuer,,,,,COMMIS,2023-11-28,proposed,partial,
UNKNOWN,0001045810,0001950047-23-005393,2023-11-27,for Whose Account the Securities are To Be Sold,to Issuer,,,,,COMMIS,2023-11-27,proposed,partial,
UNKNOWN,0001045810,0001921094-23-000910,2023-11-24,for Whose Account the Securities are To Be Sold,to Issuer,,,,,COMMIS,2023-11-24,proposed,partial,
UNKNOWN,0001045810,0001961863-23-000151,2023-11-24,for Whose Account the Securities are To Be Sold,to Issuer,,,,,COMMIS,2023-11-24,proposed,partial,
UNKNOWN,0001045810,0001950047-23-003627,2023-09-01,for Whose Account the Securities are To Be Sold,to Issuer,,,,,COMMIS,2023-09-01,proposed,partial,
UNKNOWN,0001045810,0001950047-23-003455,2023-08-28,for Whose Account the Securities are To Be Sold,to Issuer,,,,,COMMIS,2023-08-28,proposed,partial,
UNKNOWN,0001045810,0001921094-23-000337,2023-06-26,for Whose Account the Securities are To Be Sold,to Issuer,,,,,COMMIS,2023-06-26,proposed,partial,
UNKNOWN,0001045810,0001971857-23-000292,2023-06-16,for Whose Account the Securities are To Be Sold,to Issuer,,,,,COMMIS,2023-06-16,proposed,partial,
UNKNOWN,0001045810,0001973251-23-000007,2023-06-14,for Whose Account the Securities are To Be Sold,to Issuer,,,,,COMMIS,2023-06-14,proposed,partial,
UNKNOWN,0001045810,0001921094-23-000289,2023-06-14,for Whose Account the Securities are To Be Sold,to Issuer,,,,,COMMIS,2023-06-14,proposed,partial,
UNKNOWN,0001045810,0001971857-23-000263,2023-06-13,for Whose Account the Securities are To Be Sold,to Issuer,,,,,COMMIS,2023-06-13,proposed,partial,
UNKNOWN,0001045810,0001921094-23-000258,2023-06-07,for Whose Account the Securities are To Be Sold,to Issuer,,,,,COMMIS,2023-06-07,proposed,partial,
UNKNOWN,0001045810,0001971857-23-000200,2023-06-05,for Whose Account the Securities are To Be Sold,to Issuer,,,,,COMMIS,2023-06-05,proposed,partial,
UNKNOWN,0001045810,0001963746-23-000008,2023-06-02,for Whose Account the Securities are To Be Sold,to Issuer,,,,,COMMIS,2023-06-02,proposed,partial,
UNKNOWN,0001045810,0001921094-23-000224,2023-05-31,for Whose Account the Securities are To Be Sold,to Issuer,,,,,COMMIS,2023-05-31,proposed,partial,
UNKNOWN,0001045810,0001973251-23-000003,2023-05-26,for Whose Account the Securities are To Be Sold,to Issuer,,,,,COMMIS,2023-05-26,proposed,partial,
UNKNOWN,0001045810,0001969223-23-000133,2023-05-26,for Whose Account the Securities are To Be Sold,to Issuer,,,,,COMMIS,2023-05-26,proposed,partial,
UNKNOWN,0001045810,0001950047-23-000756,2023-05-18,for Whose Account the Securities are To Be Sold,to Issuer,,,,,COMMIS,2023-05-18,proposed,partial,
